{
  "entities": [
    {
      "name": "MOZAMBIQUE",
      "type": "location",
      "description": "Mozambique is a country in southeastern Africa that has been experiencing political tensions, particularly surrounding elections and opposition activities. It serves as the geographical context for the events and actors involved in the narrative, including the murder of opposition figures and planned protests against election results. The country has a history of governance by the Frelimo party since its independence from Portugal in 1975, which influences the political landscape and the actions of various actors within it."
    },
    {
      "name": "PODAMOS",
      "type": "actor",
      "description": "Podemos is a new opposition party in Mozambique that has been actively participating in the political landscape, particularly in the context of the recent elections. The party's lawyer, Elvino Dias, and official, Paulo Guambe, were murdered, which has heightened tensions and led to calls for protests and a nationwide strike. Podemos represents the interests of those opposing the ruling party and is a key player in the current political climate."
    },
    {
      "name": "ELVINO DIAS",
      "type": "actor",
      "description": "Elvino Dias was the lawyer for the opposition party Podemos and served as an advisor to its presidential candidate, Venancio Mondlane. His role as a legal representative and advisor places him at the center of the political struggle in Mozambique, particularly in relation to the recent elections and the subsequent violence against opposition figures."
    },
    {
      "name": "PAULO GUAMBE",
      "type": "actor",
      "description": "Paulo Guambe was an official of the opposition party Podemos. His involvement in the party and his murder alongside Elvino Dias highlight the risks faced by opposition members in Mozambique, especially in the context of rising political tensions and allegations of electoral fraud."
    },
    {
      "name": "FRELIMO",
      "type": "actor",
      "description": "Frelimo is the ruling party in Mozambique, having governed since the country's independence from Portugal in 1975. The party's dominance in the political landscape is a significant factor in the tensions surrounding the recent elections, as it faces accusations of fraud and suppression of dissent from opposition parties like Podemos."
    },
    {
      "name": "ELECTION RESULTS",
      "type": "event",
      "description": "The election results refer to the outcomes of the contested elections held on 9 October, with provisional results indicating a probable win for the ruling party Frelimo. The announcement of these results is a critical event that has triggered protests and heightened political tensions in Mozambique, particularly among opposition parties."
    },
    {
      "name": "PROTESTS",
      "type": "event",
      "description": "Protests are planned demonstrations against the election results, particularly by the opposition party Podemos. These protests are a response to the political climate in Mozambique, characterized by allegations of electoral fraud and the recent murders of opposition figures, which have raised fears of violence."
    },
    {
      "name": "NATIONWIDE STRIKE",
      "type": "event",
      "description": "The nationwide strike called by Podemos is a direct action in response to the political situation in Mozambique, particularly the murder of its officials and the contested election results. This event signifies the party's mobilization of support against the ruling party and its tactics."
    },
    {
      "name": "EUROPEAN UNION",
      "type": "actor",
      "description": "The European Union is an international organization that has condemned the killings of the Podemos officials and called for an investigation. Its involvement adds an international dimension to the political situation in Mozambique, highlighting concerns over human rights and electoral integrity."
    },
    {
      "name": "PORTUGAL",
      "type": "actor",
      "description": "Portugal, as a former colonial power in Mozambique, has expressed condemnation of the murders of the Podemos officials. Its stance reflects historical ties and current concerns regarding the political situation in Mozambique, particularly in relation to governance and human rights."
    },
    {
      "name": "SOCIAL MEDIA",
      "type": "factor",
      "description": "Social media serves as a platform for disseminating information and videos related to the political events in Mozambique, including the murder of opposition figures. It plays a crucial role in shaping public perception and mobilizing support for protests and political actions."
    },
    {
      "name": "ELECTORAL FRAUD",
      "type": "factor",
      "description": "Electoral fraud refers to the allegations made by opposition parties, including Podemos, regarding the integrity of the recent elections. This factor significantly influences the political climate and the actions of various actors, as it underpins the motivations for protests and strikes."
    },
    {
      "name": "VOTE-BUYING",
      "type": "factor",
      "description": "Vote-buying is one of the issues reported by Western election observers regarding the recent elections in Mozambique. This factor contributes to the narrative of electoral fraud and influences the actions of opposition parties and their supporters."
    },
    {
      "name": "DISSENT",
      "type": "factor",
      "description": "Dissent refers to the opposition against the ruling party, particularly in the context of the recent elections. The suppression of dissent is a significant factor that affects the political landscape in Mozambique and influences the actions of opposition parties like Podemos."
    }
  ],
  "relationships": [
    {
      "source": "PODAMOS",
      "target": "ELVINO DIAS",
      "mechanism": "includes",
      "description": "Elvino Dias is a key member of the opposition party Podemos, serving as its lawyer and advisor. His role within the party highlights the internal structure and leadership of Podemos, which is crucial in the context of the political tensions in Mozambique.",
      "strength": 8
    },
    {
      "source": "PODAMOS",
      "target": "PAULO GUAMBE",
      "mechanism": "includes",
      "description": "Paulo Guambe is an official of the opposition party Podemos, indicating his integral role within the party's structure and its response to the political situation in Mozambique, particularly the recent violence against its members.",
      "strength": 8
    },
    {
      "source": "ELVINO DIAS",
      "target": "PAULO GUAMBE",
      "mechanism": "collaborates with",
      "description": "Elvino Dias and Paulo Guambe were both members of the opposition party Podemos, working together in the context of the party's political activities and strategies against the ruling party Frelimo.",
      "strength": 7
    },
    {
      "source": "PODAMOS",
      "target": "ELECTION RESULTS",
      "mechanism": "responds to",
      "description": "Podemos is planning protests in response to the contested election results, which have raised concerns about electoral integrity and the political climate in Mozambique.",
      "strength": 9
    },
    {
      "source": "PODAMOS",
      "target": "NATIONWIDE STRIKE",
      "mechanism": "initiates",
      "description": "Podemos has called for a nationwide strike as a direct action against the ruling party and in response to the recent murders of its officials, indicating its mobilization of support among its members and the public.",
      "strength": 10
    },
    {
      "source": "FRELIMO",
      "target": "ELECTION RESULTS",
      "mechanism": "influences",
      "description": "Frelimo's governance and political strategies directly influence the election results, as the party has been accused of electoral fraud and manipulation, impacting the overall political landscape in Mozambique.",
      "strength": 9
    },
    {
      "source": "EUROPEAN UNION",
      "target": "PODAMOS",
      "mechanism": "supports",
      "description": "The European Union has condemned the killings of Podemos officials, indicating its support for the opposition party and its concerns regarding human rights and electoral integrity in Mozambique.",
      "strength": 8
    },
    {
      "source": "PORTUGAL",
      "target": "PODAMOS",
      "mechanism": "supports",
      "description": "Portugal's condemnation of the murders of Podemos officials reflects its support for the opposition party and its historical ties to Mozambique, emphasizing concerns over governance and human rights.",
      "strength": 8
    },
    {
      "source": "SOCIAL MEDIA",
      "target": "ELECTION RESULTS",
      "mechanism": "reports on",
      "description": "Social media platforms have been used to disseminate information and videos regarding the election results and the political situation in Mozambique, influencing public perception and mobilization efforts.",
      "strength": 7
    },
    {
      "source": "ELECTORAL FRAUD",
      "target": "DISSENT",
      "mechanism": "fuels",
      "description": "Allegations of electoral fraud contribute to the dissent against the ruling party Frelimo, as opposition parties like Podemos rally support against perceived injustices in the electoral process.",
      "strength": 9
    },
    {
      "source": "VOTE-BUYING",
      "target": "ELECTORAL FRAUD",
      "mechanism": "is a form of",
      "description": "Vote-buying is one of the specific allegations that constitute the broader claims of electoral fraud in Mozambique, impacting the political landscape and the actions of opposition parties.",
      "strength": 8
    },
    {
      "source": "DISSENT",
      "target": "FRELIMO",
      "mechanism": "challenges",
      "description": "Dissent against the ruling party Frelimo is a significant aspect of the political climate in Mozambique, as opposition parties like Podemos seek to challenge the party's authority and governance practices.",
      "strength": 9
    },
    {
      "source": "PROTESTS",
      "target": "MOZAMBIQUE",
      "mechanism": "occurs in",
      "description": "The planned protests by Podemos are set to occur in Mozambique, reflecting the geographical context of the political tensions and actions taken by opposition parties against the ruling government.",
      "strength": 10
    },
    {
      "source": "NATIONWIDE STRIKE",
      "target": "MOZAMBIQUE",
      "mechanism": "occurs in",
      "description": "The nationwide strike called by Podemos is intended to take place in Mozambique, indicating the spatial context of the political actions and the mobilization of opposition support against the ruling party.",
      "strength": 10
    },
    {
      "source": "ELECTION RESULTS",
      "target": "MOZAMBIQUE",
      "mechanism": "affects",
      "description": "The election results have a significant impact on the political landscape in Mozambique, influencing the actions of various actors, including opposition parties and the ruling government.",
      "strength": 9
    },
    {
      "source": "SOCIAL MEDIA",
      "target": "DISSENT",
      "mechanism": "amplifies",
      "description": "Social media serves to amplify dissent against the ruling party Frelimo, providing a platform for opposition voices and mobilizing support for protests and political actions.",
      "strength": 8
    },
    {
      "source": "SOCIAL MEDIA",
      "target": "VOTE-BUYING",
      "mechanism": "exposes",
      "description": "Social media has been used to expose allegations of vote-buying, contributing to the narrative of electoral fraud and influencing public perception of the electoral process in Mozambique.",
      "strength": 8
    },
    {
      "source": "ELECTORAL FRAUD",
      "target": "VOTE-BUYING",
      "mechanism": "is reported by",
      "description": "Allegations of vote-buying are part of the broader claims of electoral fraud reported by Western observers, impacting the political actions and responses of opposition parties in Mozambique.",
      "strength": 9
    },
    {
      "source": "DISSENT",
      "target": "ELECTORAL FRAUD",
      "mechanism": "is driven by",
      "description": "Dissent against the ruling party Frelimo is driven by allegations of electoral fraud, as opposition parties like Podemos seek to challenge the legitimacy of the electoral process.",
      "strength": 9
    },
    {
      "source": "FRELIMO",
      "target": "DISSENT",
      "mechanism": "suppresses",
      "description": "The ruling party Frelimo has been known to suppress dissent against its governance, impacting the political climate and the actions of opposition parties in Mozambique.",
      "strength": 9
    },
    {
      "source": "FRELIMO",
      "target": "SOCIAL MEDIA",
      "mechanism": "is challenged by",
      "description": "The ruling party Frelimo faces challenges from social media, which amplifies dissent and exposes allegations of electoral fraud, impacting its authority and governance practices.",
      "strength": 8
    },
    {
      "source": "EUROPEAN UNION",
      "target": "FRELIMO",
      "mechanism": "criticizes",
      "description": "The European Union has criticized the ruling party Frelimo for its handling of the elections and the violence against opposition figures, indicating international concern over governance and human rights in Mozambique.",
      "strength": 8
    },
    {
      "source": "PORTUGAL",
      "target": "FRELIMO",
      "mechanism": "condemns",
      "description": "Portugal has condemned the actions of the ruling party Frelimo, particularly in relation to the violence against opposition figures, reflecting its historical ties and current concerns regarding governance in Mozambique.",
      "strength": 8
    }
  ]
}