 {
    "DATE": 20241020,
    "NUMARTS": 1,
    "COUNTS": "NaN",
    "THEMES": "SOC_GENERALCRIME;ELECTION;USPEC_POLITICS_GENERAL1;TRIAL;TAX_FNCACT;TAX_FNCACT_LAWYER;TAX_FNCACT_CANDIDATE;KILL;CRISISLEX_T03_DEAD;TAX_FNCACT_OFFICIAL;MANMADE_DISASTER_IMPLIED;WB_678_DIGITAL_GOVERNMENT;WB_694_BROADCAST_AND_MEDIA;WB_133_INFORMATION_AND_COMMUNICATION_TECHNOLOGIES;MEDIA_SOCIAL;WB_652_ICT_APPLICATIONS;WB_662_SOCIAL_MEDIA;WB_658_ENTERPRISE_APPLICATIONS;WB_775_TRADE_POLICY_AND_INTEGRATION;WB_698_TRADE;WB_768_INTERNATIONAL_STANDARDS_AND_TECHNICAL_REGULATIONS;WB_778_NON_TARIFF_MEASURES;CORRUPTION;WB_2019_ANTI_CORRUPTION_LEGISLATION;WB_696_PUBLIC_SECTOR_MANAGEMENT;WB_831_GOVERNANCE;WB_832_ANTI_CORRUPTION;WB_2020_BRIBERY_FRAUD_AND_COLLUSION;STRIKE;CRISISLEX_C07_SAFETY;SECURITY_SERVICES;ARMEDCONFLICT;WB_2468_CONVENTIONAL_WAR;WB_2433_CONFLICT_AND_VIOLENCE;WB_2432_FRAGILITY_CONFLICT_AND_VIOLENCE;WB_2462_POLITICAL_VIOLENCE_AND_WAR;PROTEST;TAX_FNCACT_OFFICIALS;WB_2024_ANTI_CORRUPTION_AUTHORITIES;WB_840_JUSTICE;WB_2025_INVESTIGATION;WB_1014_CRIMINAL_JUSTICE;",
    "LOCATIONS": "1#Portugal#PO#PO#39.5#-8#PO;1#Mozambique#MZ#MZ#-18.25#35#MZ",
    "PERSONS": "paulo guambe;venancio mondlane;elvino dias",
    "ORGANIZATIONS": "european union",
    "TONE": "-6.78733031674208,1.80995475113122,8.5972850678733,10.4072398190045,17.6470588235294,0",
    "CAMEOEVENTIDS": "1205192542,1205192543,1205192681,1205192682,1205192683,1205192684",
    "SOURCES": "africanews.com",
    "SOURCEURLS": "https://www.africanews.com/2024/10/20/mozambique-rocked-by-killing-of-two-prominent-opposition-figures/"
  }